INSERT INTO location (id, country, region, city) VALUES ('10c6f030-350c-11ec-8d3d-0242ac000001', 'Россия', 'Воронежская область', 'Воронеж');
INSERT INTO location (id, country, region, city) VALUES ('10c6f030-350c-11ec-8d3d-0242ac000002', 'Россия', 'Воронежская область', 'Нововоронеж');
INSERT INTO location (id, country, region, city) VALUES ('10c6f030-350c-11ec-8d3d-0242ac000003', 'Россия', 'Республика Татарстан', 'Казань');
INSERT INTO location (id, country, region, city) VALUES ('10c6f030-350c-11ec-8d3d-0242ac000004', 'Россия', 'Московская область', 'Москва');
INSERT INTO location (id, country, region, city) VALUES ('10c6f030-350c-11ec-8d3d-0242ac000005', 'Белоруссия', 'Минская область', 'Минск');
INSERT INTO location (id, country, region, city) VALUES ('10c6f030-350c-11ec-8d3d-0242ac000006', 'Германия', 'Бавария', 'Мюнхен');

INSERT INTO department(id, title) VALUES ('20c6f030-350c-11ec-8d3d-0242bc000001', 'Финансовый отдел');
INSERT INTO department(id, title) VALUES ('20c6f030-350c-11ec-8d3d-0242bc000002', 'Отдел продаж');
INSERT INTO department(id, title) VALUES ('20c6f030-350c-11ec-8d3d-0242bc000003', 'Отдел снабжения');
INSERT INTO department(id, title) VALUES ('20c6f030-350c-11ec-8d3d-0242bc000004', 'Маркетинговый отдел');
INSERT INTO department(id, title) VALUES ('20c6f030-350c-11ec-8d3d-0242bc000005', 'IT отдел');

INSERT INTO department_location(location_id, department_id) VALUES ('10c6f030-350c-11ec-8d3d-0242ac000001','20c6f030-350c-11ec-8d3d-0242bc000001');
INSERT INTO department_location(location_id, department_id) VALUES ('10c6f030-350c-11ec-8d3d-0242ac000001','20c6f030-350c-11ec-8d3d-0242bc000003');
INSERT INTO department_location(location_id, department_id) VALUES ('10c6f030-350c-11ec-8d3d-0242ac000001','20c6f030-350c-11ec-8d3d-0242bc000004');
INSERT INTO department_location(location_id, department_id) VALUES ('10c6f030-350c-11ec-8d3d-0242ac000001','20c6f030-350c-11ec-8d3d-0242bc000005');
INSERT INTO department_location(location_id, department_id) VALUES ('10c6f030-350c-11ec-8d3d-0242ac000002','20c6f030-350c-11ec-8d3d-0242bc000001');
INSERT INTO department_location(location_id, department_id) VALUES ('10c6f030-350c-11ec-8d3d-0242ac000002','20c6f030-350c-11ec-8d3d-0242bc000002');
INSERT INTO department_location(location_id, department_id) VALUES ('10c6f030-350c-11ec-8d3d-0242ac000002','20c6f030-350c-11ec-8d3d-0242bc000003');
INSERT INTO department_location(location_id, department_id) VALUES ('10c6f030-350c-11ec-8d3d-0242ac000002','20c6f030-350c-11ec-8d3d-0242bc000004');
INSERT INTO department_location(location_id, department_id) VALUES ('10c6f030-350c-11ec-8d3d-0242ac000002','20c6f030-350c-11ec-8d3d-0242bc000005');
INSERT INTO department_location(location_id, department_id) VALUES ('10c6f030-350c-11ec-8d3d-0242ac000003','20c6f030-350c-11ec-8d3d-0242bc000001');
INSERT INTO department_location(location_id, department_id) VALUES ('10c6f030-350c-11ec-8d3d-0242ac000003','20c6f030-350c-11ec-8d3d-0242bc000003');
INSERT INTO department_location(location_id, department_id) VALUES ('10c6f030-350c-11ec-8d3d-0242ac000003','20c6f030-350c-11ec-8d3d-0242bc000005');
INSERT INTO department_location(location_id, department_id) VALUES ('10c6f030-350c-11ec-8d3d-0242ac000004','20c6f030-350c-11ec-8d3d-0242bc000002');
INSERT INTO department_location(location_id, department_id) VALUES ('10c6f030-350c-11ec-8d3d-0242ac000004','20c6f030-350c-11ec-8d3d-0242bc000004');
INSERT INTO department_location(location_id, department_id) VALUES ('10c6f030-350c-11ec-8d3d-0242ac000004','20c6f030-350c-11ec-8d3d-0242bc000005');
INSERT INTO department_location(location_id, department_id) VALUES ('10c6f030-350c-11ec-8d3d-0242ac000005','20c6f030-350c-11ec-8d3d-0242bc000001');
INSERT INTO department_location(location_id, department_id) VALUES ('10c6f030-350c-11ec-8d3d-0242ac000005','20c6f030-350c-11ec-8d3d-0242bc000002');
INSERT INTO department_location(location_id, department_id) VALUES ('10c6f030-350c-11ec-8d3d-0242ac000005','20c6f030-350c-11ec-8d3d-0242bc000003');
INSERT INTO department_location(location_id, department_id) VALUES ('10c6f030-350c-11ec-8d3d-0242ac000005','20c6f030-350c-11ec-8d3d-0242bc000005');
INSERT INTO department_location(location_id, department_id) VALUES ('10c6f030-350c-11ec-8d3d-0242ac000006','20c6f030-350c-11ec-8d3d-0242bc000001');
INSERT INTO department_location(location_id, department_id) VALUES ('10c6f030-350c-11ec-8d3d-0242ac000006','20c6f030-350c-11ec-8d3d-0242bc000002');
INSERT INTO department_location(location_id, department_id) VALUES ('10c6f030-350c-11ec-8d3d-0242ac000006','20c6f030-350c-11ec-8d3d-0242bc000003');
INSERT INTO department_location(location_id, department_id) VALUES ('10c6f030-350c-11ec-8d3d-0242ac000006','20c6f030-350c-11ec-8d3d-0242bc000004');
INSERT INTO department_location(location_id, department_id) VALUES ('10c6f030-350c-11ec-8d3d-0242ac000006','20c6f030-350c-11ec-8d3d-0242bc000005');

INSERT INTO position (id, title) VALUES ('30c6f030-350c-11ec-8d3d-0242cc000001', 'Web-дизайнер');
INSERT INTO position (id, title) VALUES ('30c6f030-350c-11ec-8d3d-0242cc000002', 'Программист');
INSERT INTO position (id, title) VALUES ('30c6f030-350c-11ec-8d3d-0242cc000003', 'Системный аналитик');
INSERT INTO position (id, title) VALUES ('30c6f030-350c-11ec-8d3d-0242cc000004', 'Тестировщик');
INSERT INTO position (id, title) VALUES ('30c6f030-350c-11ec-8d3d-0242cc000005', 'Администратор базы данных');
INSERT INTO position (id, title) VALUES ('30c6f030-350c-11ec-8d3d-0242cc000006', 'Руководитель отдела');
INSERT INTO position (id, title) VALUES ('30c6f030-350c-11ec-8d3d-0242cc000007', 'Бухгалтер');
INSERT INTO position (id, title) VALUES ('30c6f030-350c-11ec-8d3d-0242cc000008', 'Главный бухгалтер');
INSERT INTO position (id, title) VALUES ('30c6f030-350c-11ec-8d3d-0242cc000009', 'Менеджер по продажам');
INSERT INTO position (id, title) VALUES ('30c6f030-350c-11ec-8d3d-0242cc000010', 'Менеджер по закупкам');
INSERT INTO position (id, title) VALUES ('30c6f030-350c-11ec-8d3d-0242cc000011', 'Менеджер по маркетингу и рекламе');

INSERT INTO position_department(id, position_id, department_id) VALUES ('40c6f030-350c-11ec-8d3d-0242dc000001', '30c6f030-350c-11ec-8d3d-0242cc000001', '20c6f030-350c-11ec-8d3d-0242bc000005');
INSERT INTO position_department(id, position_id, department_id) VALUES ('40c6f030-350c-11ec-8d3d-0242dc000002', '30c6f030-350c-11ec-8d3d-0242cc000002', '20c6f030-350c-11ec-8d3d-0242bc000005');
INSERT INTO position_department(id, position_id, department_id) VALUES ('40c6f030-350c-11ec-8d3d-0242dc000003', '30c6f030-350c-11ec-8d3d-0242cc000003', '20c6f030-350c-11ec-8d3d-0242bc000005');
INSERT INTO position_department(id, position_id, department_id) VALUES ('40c6f030-350c-11ec-8d3d-0242dc000004', '30c6f030-350c-11ec-8d3d-0242cc000004', '20c6f030-350c-11ec-8d3d-0242bc000005');
INSERT INTO position_department(id, position_id, department_id) VALUES ('40c6f030-350c-11ec-8d3d-0242dc000005', '30c6f030-350c-11ec-8d3d-0242cc000005', '20c6f030-350c-11ec-8d3d-0242bc000005');
INSERT INTO position_department(id, position_id, department_id) VALUES ('40c6f030-350c-11ec-8d3d-0242dc000006', '30c6f030-350c-11ec-8d3d-0242cc000006', '20c6f030-350c-11ec-8d3d-0242bc000005');
INSERT INTO position_department(id, position_id, department_id) VALUES ('40c6f030-350c-11ec-8d3d-0242dc000007', '30c6f030-350c-11ec-8d3d-0242cc000006', '20c6f030-350c-11ec-8d3d-0242bc000004');
INSERT INTO position_department(id, position_id, department_id) VALUES ('40c6f030-350c-11ec-8d3d-0242dc000008', '30c6f030-350c-11ec-8d3d-0242cc000006', '20c6f030-350c-11ec-8d3d-0242bc000003');
INSERT INTO position_department(id, position_id, department_id) VALUES ('40c6f030-350c-11ec-8d3d-0242dc000009', '30c6f030-350c-11ec-8d3d-0242cc000006', '20c6f030-350c-11ec-8d3d-0242bc000002');
INSERT INTO position_department(id, position_id, department_id) VALUES ('40c6f030-350c-11ec-8d3d-0242dc000010', '30c6f030-350c-11ec-8d3d-0242cc000006', '20c6f030-350c-11ec-8d3d-0242bc000001');
INSERT INTO position_department(id, position_id, department_id) VALUES ('40c6f030-350c-11ec-8d3d-0242dc000011', '30c6f030-350c-11ec-8d3d-0242cc000007', '20c6f030-350c-11ec-8d3d-0242bc000001');
INSERT INTO position_department(id, position_id, department_id) VALUES ('40c6f030-350c-11ec-8d3d-0242dc000012', '30c6f030-350c-11ec-8d3d-0242cc000007', '20c6f030-350c-11ec-8d3d-0242bc000002');
INSERT INTO position_department(id, position_id, department_id) VALUES ('40c6f030-350c-11ec-8d3d-0242dc000013', '30c6f030-350c-11ec-8d3d-0242cc000007', '20c6f030-350c-11ec-8d3d-0242bc000003');
INSERT INTO position_department(id, position_id, department_id) VALUES ('40c6f030-350c-11ec-8d3d-0242dc000014', '30c6f030-350c-11ec-8d3d-0242cc000007', '20c6f030-350c-11ec-8d3d-0242bc000004');
INSERT INTO position_department(id, position_id, department_id) VALUES ('40c6f030-350c-11ec-8d3d-0242dc000015', '30c6f030-350c-11ec-8d3d-0242cc000008', '20c6f030-350c-11ec-8d3d-0242bc000001');
INSERT INTO position_department(id, position_id, department_id) VALUES ('40c6f030-350c-11ec-8d3d-0242dc000016', '30c6f030-350c-11ec-8d3d-0242cc000009', '20c6f030-350c-11ec-8d3d-0242bc000002');
INSERT INTO position_department(id, position_id, department_id) VALUES ('40c6f030-350c-11ec-8d3d-0242dc000017', '30c6f030-350c-11ec-8d3d-0242cc000010', '20c6f030-350c-11ec-8d3d-0242bc000003');
INSERT INTO position_department(id, position_id, department_id) VALUES ('40c6f030-350c-11ec-8d3d-0242dc000018', '30c6f030-350c-11ec-8d3d-0242cc000011', '20c6f030-350c-11ec-8d3d-0242bc000004');